School_ID,Short_Name,Long_Name,School_Type,School_Latitude,School_Longitude,Website,Creative_School_Certification
610125,RUIZ,Irma C Ruiz Elementary School,Neighborhood,41.848101,-87.680745,https://ruizelementaryschool.org,STRONG
609728,ROOSEVELT HS,Theodore Roosevelt High School,Neighborhood,41.964828,-87.714819,https://rhsroughriders.org,EXCELLING
610040,LLOYD,Henry D Lloyd Elementary School,Neighborhood,41.918814,-87.748515,https://lloydschool.org,DEVELOPING
609983,HEDGES,James Hedges Elementary School,Neighborhood,41.807112,-87.673327,https://hedgescps.org,EXCELLING
610225,WHISTLER,John Whistler Elementary School,Neighborhood,41.683907,-87.655384,https://cps.edu/whistler,INCOMPLETE DATA
610016,KELLOGG,Kate S Kellogg Elementary School,Neighborhood,41.725263,-87.677233,http://kellogg.cps.edu,STRONG
610081,SHERIDAN,Mark Sheridan Math & Science Academy,Magnet,41.8444,-87.64134,http://sheridan.cps.edu,EXCELLING
610073,MITCHELL,Ellen Mitchell Elementary School,Neighborhood,41.892082,-87.683185,https://mitchellschool.org,STRONG
609839,CARROLL,Carroll-Rosenwald Specialty Elementary School,Neighborhood,41.742517,-87.696012,https://carroll-rosenwald.cps.edu,INCOMPLETE DATA
400112,ACERO - IDAR,Acero Charter Schools - Jovita Idar,Charter,41.801042,-87.708797,http://ji.aceroschools.org,EXCELLING
610380,WILLIAMS HS,Daniel Hale Williams Prep School of Medicine,Small,41.806118,-87.62503,https://dhwprepmed.org,STRONG
610130,PIRIE,John T Pirie Fine Arts & Academic Center ES,Neighborhood,41.74034,-87.607891,https://pirie.cps.edu,STRONG
610212,ALBANY PARK,Albany Park Multicultural Academy,Neighborhood,41.971504,-87.710609,https://albanypark.cps.edu,EXCELLING
609704,FARRAGUT HS,David G Farragut Career Academy High School,Neighborhood,41.84856,-87.708706,https://fcaib.org,STRONG
610022,KILMER,Joyce Kilmer Elementary School,Neighborhood,42.00364,-87.668222,https://kilmerelementary.org,EXCELLING
609918,FIELD,Eugene Field Elementary School,Neighborhood,42.009664,-87.669985,https://eugenefield.org,EXCELLING
609954,GREGORY,John Milton Gregory Elementary School,Neighborhood,41.870742,-87.718666,https://gregoryacademy.org,EMERGING
610082,MOUNT GREENWOOD,Mount Greenwood Elementary School,Neighborhood,41.695734,-87.70581,https://mtgreenwood.cps.edu,DEVELOPING
609959,HAINES,John Charles Haines Elementary School,Neighborhood,41.849958,-87.633806,http://haines.cps.edu,EXCELLING
610279,TANNER,Henry O Tanner Elementary School,Neighborhood,41.760673,-87.606791,https://tannerschool.org,STRONG
610223,WENTWORTH,Daniel S Wentworth Elementary School,Neighborhood,41.765076,-87.658205,https://wentworthschool.org,STRONG
610590,BRONZEVILLE CLASSICAL,Bronzeville Classical Elementary School,Classical,41.819249,-87.626621,https://bronzevilleclassical.cps.edu,EXCELLING
609723,MARSHALL HS,John Marshall Metropolitan High School,Neighborhood,41.878444,-87.70805,http://marshallmetro.cps.edu,DEVELOPING
610274,JOHNSON,James Weldon Johnson Elementary School,Neighborhood,41.861836,-87.703139,https://cps.edu/johnson,STRONG
609964,HAMLINE,John H Hamline Elementary School,Neighborhood,41.807242,-87.661175,https://hamlinehawks.org,EXCELLING
610070,MCPHERSON,James B McPherson Elementary School,Neighborhood,41.967847,-87.676288,https://mcpherson.cps.edu,STRONG
609709,GAGE PARK HS,Gage Park High School,Neighborhood,41.791013,-87.688954,https://gageparkhs.org,STRONG
400027,CICS - IRVING PARK,CICS - Irving Park,Charter,41.950891,-87.710492,https://www.cicsirvingpark.org,STRONG
609927,FOSTER PARK,Foster Park Elementary School,Neighborhood,41.738425,-87.668099,https://fosterpark.cps.edu,DEVELOPING
609795,CLARK ES,George Rogers Clark Elementary School,Neighborhood,41.867813,-87.770418,https://georgerogersclarkes.org,EXCELLING
610126,PERSHING,John J Pershing Elementary Humanities Magnet,Magnet,41.836527,-87.618338,https://pershingcps.org,STRONG
610231,NATIONAL TEACHERS,National Teachers Elementary Academy,Neighborhood,41.8528,-87.629308,https://ntacourage.org,EXCELLING
400051,NOBLE - NOBLE HS,Noble - Noble College Prep,Charter,41.900191,-87.662628,https://nobleschools.org/noblestreet,EXCELLING
400175,EXCEL SOUTH SHORE HS,Excel Academy of South Shore,Citywide-Option,41.759749,-87.556487,https://sesischools.com/locations/excel-academy-of-south-shore,EMERGING
610141,RAVENSWOOD,Ravenswood Elementary School,Neighborhood,41.960746,-87.670922,https://www.ravenswoodelementary.org,EXCELLING
610515,DISNEY II ES,Disney II Magnet School,Magnet,41.950461,-87.730678,https://disneyiimagnet.org,EXCELLING
610163,STOCK,Frederick Stock Elementary School,Neighborhood,42.016892,-87.814195,https://www.stock.cps.edu,EMERGING
609813,BROWNELL,Charles S Brownell Elementary School,Neighborhood,41.77162,-87.621746,https://brownellcps.org,DEVELOPING
610242,BRENNEMANN,Joseph Brennemann Elementary School,Neighborhood,41.959984,-87.649749,https://www.josephbrennemann.org/,EXCELLING
610103,OKEEFFE,Isabelle C O'Keeffe Elementary School,Neighborhood,41.768602,-87.572806,https://okeeffesoe.org,DEVELOPING
610053,MARQUETTE,Marquette Elementary School,Neighborhood,41.773881,-87.69703,https://marquettemustangs.org/,STRONG
400096,ROWE,Rowe Elementary Charter School,Charter,41.907797,-87.664072,https://www.roweelementaryschool.org,STRONG
610530,SOUTH SHORE ES,South Shore Fine Arts Academy,Small,41.767755,-87.590396,https://southshorefinearts.org,DEVELOPING
609871,VICK,Barbara Vick Early Childhood & Family Center,Special Education,41.688191,-87.685677,http://www.barbaravick.cps.edu,DEVELOPING
400150,YCCS - CHATHAM,YCCS-Chatham AcademyHS,Charter,41.730131,-87.60698,https://www.chathamacademyhs.org,INCOMPLETE DATA
609819,BURKE,Edmond Burke Elementary School,Neighborhood,41.79676,-87.616141,http://burke.cps.edu,EXCELLING
609879,DAWES,Charles Gates Dawes Elementary School,Neighborhood,41.745078,-87.717353,https://dawes.cps.edu,EXCELLING
400153,ACERO - BRIGHTON PARK,Acero Charter Schools - Brighton Park,Charter,41.813109,-87.693238,http://bp.aceroschools.org,STRONG
609730,SENN HS,Nicholas Senn High School,Neighborhood,41.989029,-87.667136,https://www.sennhs.org,EXCELLING
400118,NOBLE - DRW HS,Noble - DRW College Prep,Charter,41.869328,-87.711654,https://nobleschools.org/drw,STRONG
400057,NOBLE - UIC HS,Noble - UIC College Prep,Charter,41.865817,-87.676111,https://nobleschools.org/uic,DEVELOPING
400021,CATALYST - CIRCLE ROCK,Catalyst Elementary Charter School - Circle Rock,Charter,41.882322,-87.765322,https://catalystschools.org/circle-rock,STRONG
610251,CATHER,Willa Cather Elementary School,Neighborhood,41.88295,-87.699187,https://cather.cps.edu,EMERGING
610077,MORRILL,Donald Morrill Math & Science Elementary School,Neighborhood,41.784313,-87.688549,https://morrilleagles.org,DEVELOPING
610044,LOWELL,James Russell Lowell Elementary School,Neighborhood,41.90652,-87.710217,https://lowell.cps.edu,STRONG
609898,EBERHART,John F Eberhart Elementary School,Neighborhood,41.77442,-87.707953,http://eberhart.cps.edu,DEVELOPING
609774,ALCOTT ES,Louisa May Alcott College Preparatory ES,Neighborhood,41.92985,-87.646413,https://alcottelementary.net,STRONG
609865,JORDAN,Jordan Elementary Community School,Neighborhood,42.017088,-87.677763,https://jordan.cps.edu,DEVELOPING
610564,DISNEY II HS,Disney II Magnet High School,Magnet,41.952488,-87.721364,https://disneyiimagnet.org,DEVELOPING
610146,REVERE,Paul Revere Elementary School,Neighborhood,41.764196,-87.600177,https://wearerevere.org,EMERGING
610003,CUFFE,Paul Cuffe Math-Science Technology Academy ES,Neighborhood,41.742452,-87.653633,https://cuffeacademy.org,DEVELOPING
609750,SIMPSON HS,Simpson Academy HS for Young Women,Citywide-Option,41.864365,-87.668722,https://simpsonacademy.cps.edu,STRONG
609708,FOREMAN HS,Edwin G. Foreman College and Career Academy,Neighborhood,41.939797,-87.754167,http://www.foremancca.org,STRONG
609756,CURIE HS,Marie Sklodowska Curie Metropolitan High School,Magnet,41.80306,-87.722042,https://www.curiehs.org,EXCELLING
610323,BOWEN HS,Bowen High School,Small,41.734627,-87.55755,http://bowen.cps.edu,STRONG
610019,KERSHAW,Joshua D Kershaw Elementary School,Magnet,41.776453,-87.640892,https://kershawmagnet.org,STRONG
610402,DEVRY HS,DeVry University Advantage Academy HS,Magnet,41.941388,-87.690761,https://devry.cps.edu,STRONG
610133,WARD L,Laura S Ward Elementary School,Neighborhood,41.893236,-87.718797,http://lwardstem.cps.edu,EXCELLING
610353,CALMECA,Calmeca Academy of Fine Arts and Dual Language,Small,41.824377,-87.711654,https://www.calmecaacademy.com,EXCELLING
400064,PERSPECTIVES - JOSLIN HS,Perspectives - Rodney D. Joslin,Charter,41.855999,-87.628531,http://www.pcsedu.org,INCOMPLETE DATA
610542,WEST RIDGE,West Ridge Elementary School,Neighborhood,42.002959,-87.705917,https://westridgeelementary.org,DEVELOPING
610033,LASALLE,LaSalle Elementary Language Academy,Magnet,41.9139,-87.637565,https://www.lasallechicago.com,STRONG
610250,SALAZAR,Ruben Salazar Elementary Bilingual Center,Small,41.901417,-87.633632,https://salazar.cps.edu,DEVELOPING
610523,EDISON PARK,Edison Park Elementary School,Neighborhood,41.994238,-87.813771,https://edisonparkelementary.org,EXCELLING
609969,HARTE,Bret Harte Elementary School,Neighborhood,41.793447,-87.586855,http://www.harte.cps.edu,DEVELOPING
400080,ACERO - TORRES,Acero Charter Schools - PFC Omar E. Torres,Charter,41.8082,-87.73045,http://ot.aceroschools.org,STRONG
609857,CLEVELAND,Grover Cleveland Elementary School,Neighborhood,41.952042,-87.706443,https://clevelandschool.org,DEVELOPING
400091,CHICAGO TECH HS,Chicago Technology Academy High School,Contract,41.863301,-87.659095,https://chitech.org,STRONG
609949,GRAY,William P Gray Elementary School,Neighborhood,41.948764,-87.757116,https://gray.cps.edu,STRONG
610129,PICKARD,Josiah Pickard Elementary School,Neighborhood,41.8529,-87.683291,http://www.pickard.cps.edu,EMERGING
609820,BURLEY,Augustus H Burley Elementary School,Neighborhood,41.937937,-87.669853,http://burley.cps.edu,STRONG
609938,GARY,Joseph E Gary Elementary School,Neighborhood,41.837065,-87.718697,http://www.gary.cps.edu,STRONG
610244,CLARK HS,Michele Clark Academic Prep Magnet High School,Magnet,41.872885,-87.753325,https://micheleclark.org,DEVELOPING
609853,CHASE,Salmon P Chase Elementary School,Neighborhood,41.917993,-87.694562,https://chase.cps.edu,EXCELLING
400146,KIPP - ACADEMY,KIPP Academy Chicago Campus,Charter,41.891816,-87.746614,https://www.kippchicago.org,STRONG
610158,SAYRE,Harriet E Sayre Elementary Language Academy,Neighborhood,41.914151,-87.798721,https://sayre.cps.edu,DEVELOPING
400170,NOBLE - ACADEMY HS,Noble - The Noble Academy,Charter,41.906879,-87.645577,https://nobleschools.org/nobleacademy,EMERGING
400145,YCCS - YOUTH CONNECTION,YCCS-Youth Connection Leadership Acad HS,Charter,41.832072,-87.626781,https://yccs.us/campuses,INCOMPLETE DATA
610201,THORP O,Ole A Thorp Elementary Scholastic Academy,Magnet,41.948571,-87.777631,https://oathorpacademy.org,DEVELOPING
400056,NOBLE - ROWE CLARK HS,Noble - Rowe-Clark Math and Science Academy,Charter,41.895362,-87.718047,https://nobleschools.org/rowe-clark,DEVELOPING
610305,LELAND,George Leland Elementary School,Neighborhood,41.873587,-87.749276,https://leland.cps.edu,INCOMPLETE DATA
610076,MOOS,Bernhard Moos Elementary School,Neighborhood,41.912505,-87.696941,https://mooselementary.org,EXCELLING
610098,NOBEL,Alfred Nobel Elementary School,Neighborhood,41.906155,-87.729955,http://nobel.cps.edu/,STRONG
609887,DIXON,Arthur Dixon Elementary School,Neighborhood,41.743669,-87.609979,http://www.dixoneagles.org,EMERGING
609679,PROSSER HS,Charles Allen Prosser Career Academy High School,Career academy,41.920059,-87.761048,https://prosseracademy.org,EXCELLING
610108,OTOOLE,Luke O'Toole Elementary School,Neighborhood,41.774571,-87.674865,https://otoolelions.org,EXCELLING
609804,MOSAIC,Mosaic School of Fine Arts,Neighborhood,42.003412,-87.697463,http://mosaic.cps.edu,EXCELLING
400131,YCCS - CAMPOS,YCCS-Dr. Pedro Albizu Campos Puerto Rican HS,Charter,41.90285,-87.696006,https://pachs-chicago.org,EMERGING
609727,PHILLIPS HS,Wendell Phillips Academy High School,Neighborhood,41.82388,-87.619796,https://phillipshs.org,EXCELLING
609963,HAMILTON,Alexander Hamilton Elementary School,Neighborhood,41.94522,-87.670865,https://hamiltoncps.org,EXCELLING
609722,MANLEY HS,Manley Career Academy High School,Neighborhood,41.870939,-87.699896,https://cps.edu/manley-hs,DEVELOPING
610122,PEIRCE,Helen Peirce International Studies ES,Neighborhood,41.983456,-87.66585,http://peirce.cps.edu,STRONG
610246,BEASLEY,Edward Beasley Elementary Magnet Academic Center,Regional gifted center,41.798465,-87.625692,https://beasleyac.org/,INCOMPLETE DATA
609761,CORLISS HS,George H Corliss High School,Neighborhood,41.70666,-87.601216,https://newcorlisshs.org,DEVELOPING
610534,SKINNER NORTH,Skinner North,Classical,41.905109,-87.644841,https://www.skinnernorth.org,EXCELLING
610592,ENGLEWOOD STEM HS,Englewood STEM High School,Neighborhood,41.770251,-87.639061,https://englewoodstemhs.cps.edu,EXCELLING
610112,PARKER,Francis W Parker Elementary Community Academy,Neighborhood,41.77078,-87.634086,https://parker.cps.edu,STRONG
610090,MURRAY,Phillip Murray Elementary Language Academy,Magnet,41.798535,-87.59334,https://murray.cps.edu,STRONG
610334,RABY HS,Al Raby High School,Small,41.88621,-87.715423,https://www.alraby.org,DEVELOPING
610195,SUTHERLAND,Elizabeth H Sutherland Elementary School,Neighborhood,41.711445,-87.676821,https://sutherland.cps.edu,STRONG
610513,AIR FORCE HS,Air Force Academy High School,Military academy,41.828145,-87.632757,https://afahs.org,STRONG
610086,MOUNT VERNON,Mount Vernon Elementary School,Neighborhood,41.701952,-87.647652,https://mtvernon.cps.edu,EMERGING
610544,AZUELA,Mariano Azuela Elementary School,Neighborhood,41.771079,-87.73992,http://azuela.cps.edu,DEVELOPING
400156,NOBLE - BUTLER HS,Noble - Butler College Prep,Charter,41.706667,-87.602573,https://nobleschools.org/butler,INCOMPLETE DATA
610088,MOZART,Wolfgang A Mozart Elementary School,Neighborhood,41.92091,-87.721888,https://mozartmustangs.org,STRONG
609903,EDWARDS,Richard Edwards Elementary School,Neighborhood,41.805542,-87.725856,https://edwards.cps.edu,EXCELLING
610137,PRUSSING,Ernst Prussing Elementary School,Neighborhood,41.965619,-87.772414,http://prussing.cps.edu,STRONG
610541,LORCA,Federico Garcia Lorca Elementary School,Neighborhood,41.940026,-87.724783,https://lorca.cps.edu,STRONG
610363,DISNEY,Walt Disney Magnet Elementary School,Magnet,41.956816,-87.646083,https://disney.cps.edu,EXCELLING
609884,DEVER,William E Dever Elementary School,Neighborhood,41.942552,-87.813132,https://dever.cps.edu/,STRONG
400060,AHS - PASSAGES,Asian Human Services - Passages Charter School,Charter,41.983371,-87.67116,https://mytrellus.org/passages-charter-school,DEVELOPING
610593,OMBUDSMAN - ROSELAND HS,Ombudsman Chicago - Roseland,Citywide-Option,41.695105,-87.642816,https://chicago.ombudsman.com/,EMERGING
400104,INSTITUTO - HEALTH,Instituto Health Sciences Career Academy,Charter,41.845967,-87.68724,https://www.ihsca.org/,INCOMPLETE DATA
609806,BRADWELL,Myra Bradwell Communications Arts & Sciences ES,Neighborhood,41.754365,-87.557142,https://bradwellbruins.org,STRONG
610066,MCDADE,James E McDade Elementary Classical School,Classical,41.73455,-87.619214,https://mcdadeclassical.org,STRONG
400054,NOBLE - PRITZKER HS,Noble - Pritzker College Prep,Charter,41.915214,-87.730127,https://nobleschools.org/pritzker,INCOMPLETE DATA
609942,GOETHE,Johann W von Goethe Elementary School,Neighborhood,41.922831,-87.6929,https://goethe.cps.edu,EXCELLING
610139,PULLMAN,George M Pullman Elementary School,Neighborhood,41.688819,-87.609431,https://pullmanschool.org,STRONG
610135,PORTAGE PARK,Portage Park Elementary School,Neighborhood,41.956988,-87.761007,https://portageparkschool.org,EXCELLING
610193,NEW SULLIVAN,William K New Sullivan Elementary School,Neighborhood,41.743829,-87.542928,https://newsullivan.cps.edu,STRONG
610565,EXCEL ENGLEWOOD HS,Excel Academy of Englewood,Citywide-Option,41.763896,-87.649124,https://sesischools.com/locations/excel-academy-of-englewood,INCOMPLETE DATA
610097,NIXON,William P Nixon Elementary School,Neighborhood,41.919581,-87.73142,http://nixon.cps.edu,EXCELLING
610101,OGDEN ES,William B Ogden Elementary School,Neighborhood,41.899976,-87.629297,https://ogden.cps.edu,STRONG
610383,SOCIAL JUSTICE HS,Greater Lawndale High School For Social Justice,Small,41.833507,-87.735299,http://sj.lvlhs.org,STRONG
610569,OMBUDSMAN - NORTHWEST HS,Ombudsman Chicago- Northwest,Citywide-Option,42.017171,-87.806682,https://chicago.ombudsman.com/northwest/,INCOMPLETE DATA
609817,BUDLONG,Lyman A Budlong Elementary School,Neighborhood,41.975754,-87.696556,https://budlong.cps.edu,STRONG
609872,PEREZ,Manuel Perez Elementary School,Neighborhood,41.856029,-87.65798,https://perezelementary.org/,STRONG
609928,FULLER,Melville W Fuller Elementary School,Neighborhood,41.818003,-87.611784,http://fuller.cps.edu/,INCOMPLETE DATA
400077,U OF C - WOODLAWN HS,University of Chicago - Woodlawn,Charter,41.77813,-87.598114,https://www.uchicagocharter.org,DEVELOPING
609746,KENWOOD HS,Kenwood Academy High School,Neighborhood,41.803772,-87.590421,https://kenwoodacademy.org,EXCELLING
610092,NASH,Henry H Nash Elementary School,Neighborhood,41.89181,-87.747936,https://nashelementary.org,EXCELLING
609782,AUDUBON,John J Audubon Elementary School,Neighborhood,41.945062,-87.681041,https://audubonelementary.org,EXCELLING
609971,HARVARD,John Harvard Elementary School of Excellence,Neighborhood,41.757341,-87.632737,https://harvardcougars.org,EMERGING
610153,RYDER,William H Ryder Math & Science Specialty ES,Neighborhood,41.735379,-87.638843,https://ryderschool.org,EXCELLING
609891,DOOLITTLE,James R Doolittle Jr Elementary School,Neighborhood,41.831121,-87.612275,https://doolittleelementary.org,EXCELLING
609744,NORTHSIDE LEARNING HS,Northside Learning Center High School,Special Education,41.982973,-87.722386,https://www.northsidelearningcenter.org,STRONG
400033,CICS - LONGWOOD,CICS - Longwood,Charter,41.721221,-87.655768,https://cicsloomislongwood.org,EMERGING
610226,SANDOVAL,Socorro Sandoval Elementary School,Neighborhood,41.792346,-87.710987,https://sandovalelementary.org,STRONG
400178,MOVING EVEREST,Moving Everest Charter School,Charter,41.888259,-87.755281,https://www.movingeverest.org,STRONG
610188,DUNNE,Dunne Technology Academy,Neighborhood,41.696496,-87.639974,https://www.dunnestemacademy.org,EMERGING
610095,NEWBERRY,Walter L Newberry Math & Science Academy ES,Magnet,41.913947,-87.64599,http://www.newberryacademy.org,DEVELOPING
609972,HAUGAN,Helge A Haugan Elementary School,Neighborhood,41.964029,-87.723128,http://haugan.cps.edu,DEVELOPING
609981,HEARST,Phoebe Apperson Hearst Elementary School,Neighborhood,41.808175,-87.745726,https://www.hearst.cps.edu,STRONG
610180,SMYTH,John M Smyth Elementary School,Magnet,41.865351,-87.653445,http://smyth.cps.edu,STRONG
609748,YORK HS,Consuella B York Alternative HS,Citywide-Option,41.842533,-87.695261,https://yorkhs.org,STRONG
610329,OROZCO,Orozco Fine Arts & Sciences Elementary School,Neighborhood,41.857755,-87.67521,http://orozco.cps.edu,EXCELLING
400094,EPIC HS,EPIC Academy Charter High School,Charter,41.744849,-87.550222,http://www.epicacademy.org,EMERGING
609779,ARMSTRONG G,George Armstrong International Studies ES,Neighborhood,42.01015,-87.684442,https://georgearmstrongelementary.org,STRONG
610145,REINBERG,Peter A Reinberg Elementary School,Neighborhood,41.943019,-87.768983,https://reinberg.cps.edu,STRONG
609929,FULTON,Robert Fulton Elementary School,Neighborhood,41.79758,-87.668436,https://FultonFalcons.org,DEVELOPING
609976,HAYT,Stephen K Hayt Elementary School,Neighborhood,41.994541,-87.668504,https://hayt.cps.edu,STRONG
610221,WEBSTER,Daniel Webster Elementary School,Neighborhood,41.869916,-87.727524,https://www.cps.edu/webster,STRONG
609943,OWENS,Jesse Owens Elementary Community Academy,Neighborhood,41.670618,-87.622546,https://gompersschool.org,EXCELLING
609863,COLUMBUS,Christopher Columbus Elementary School,Neighborhood,41.899566,-87.681938,http://columbus.cps.edu,DEVELOPING
610256,ROBINSON,Jackie Robinson Elementary School,Neighborhood,41.817349,-87.599067,https://robinsoncps.org,DEVELOPING
609712,HIRSCH HS,Emil G Hirsch Metropolitan High School,Neighborhood,41.753748,-87.601727,http://hirschmetrohs.org,STRONG
610213,WADSWORTH,James Wadsworth Elementary School,Neighborhood,41.773478,-87.601018,https://wadsworthstem.com,DEVELOPING
400092,CICS - BOND,CICS - Lloyd Bond,Charter,41.653663,-87.605039,https://cicslloydbond.org,EXCELLING
609680,PAYTON HS,Walter Payton College Preparatory High School,Selective enrollment,41.901575,-87.635385,https://wpcp.org,EXCELLING
609988,HENRY,Patrick Henry Elementary School,Neighborhood,41.958989,-87.715632,http://patrickhenryes.cps.edu,STRONG
609937,GARVY,John W Garvy Elementary School,Neighborhood,41.976352,-87.796235,https://garvyschool.org,STRONG
610179,SMYSER,Washington D Smyser Elementary School,Neighborhood,41.958868,-87.781975,https://smyser.org,STRONG
609734,TAFT HS,William Howard Taft High School,Neighborhood,41.982961,-87.791547,https://tafthighschool.org,EXCELLING
610115,PARK MANOR,Park Manor Elementary School,Neighborhood,41.766477,-87.611546,https://www.parkmanor.cps.edu,EXCELLING
610547,SOUTH SHORE INTL HS,South Shore Intl College Prep High School,Selective enrollment,41.758792,-87.576353,https://ssicp.org,EXCELLING
610054,MARSH,John L Marsh Elementary School,Neighborhood,41.716588,-87.552483,https://jlmarsh.org,STRONG
610093,NEIL,Jane A Neil Elementary School,Neighborhood,41.738407,-87.620933,https://neil.cps.edu,EXCELLING
400097,NOBLE - BULLS HS,Noble - Chicago Bulls College Prep,Charter,41.878809,-87.678195,https://nobleschools.org/bulls,EXCELLING
609737,VON STEUBEN HS,Friedrich W von Steuben Metropolitan Science HS,Magnet,41.973185,-87.713386,http://www.vonsteuben.org,EXCELLING
609676,DUNBAR HS,Paul Laurence Dunbar Career Academy High School,Career academy,41.840226,-87.617637,https://dvca-cps.org,EMERGING
609848,ALDRIDGE,Ira F Aldridge Elementary School,Neighborhood,41.657405,-87.606474,https://aldridge.cps.edu,EMERGING
400079,ACERO - ZIZUMBO,Acero Charter Schools - SPC Daniel Zizumbo,Charter,41.810135,-87.730495,http://dz.aceroschools.org,DEVELOPING
609741,HUBBARD HS,Gurdon S Hubbard High School,Neighborhood,41.780526,-87.718014,https://www.hubbardhighschool.org,STRONG
609788,BARNARD,Alice L Barnard Computer Math & Science Ctr ES,Neighborhood,41.705131,-87.658074,https://barnard.cps.edu,STRONG
609772,ADDAMS,Jane Addams Elementary School,Neighborhood,41.698739,-87.532976,http://jaddams.org,STRONG
610203,MONARCAS,Monarcas Academy,Neighborhood,41.787523,-87.708179,https://tontischool.com,DEVELOPING
610192,STOWE,Harriet Beecher Stowe Elementary School,Neighborhood,41.911938,-87.713318,https://stowe.cps.edu,DEVELOPING
609864,COOK,John W Cook Elementary School,Neighborhood,41.745237,-87.659775,https://cookelementary.org,STRONG
609719,LAKE VIEW HS,Lake View High School,Neighborhood,41.954764,-87.668953,https://www.lakeviewhs.com,STRONG
610074,MONROE,James Monroe Elementary School,Neighborhood,41.929989,-87.719224,https://jamesmonroeschool.org,DEVELOPING
610228,WHITTIER,John Greenleaf Whittier Elementary School,Neighborhood,41.850481,-87.673392,http://whittierschool.org,STRONG
610017,SAUCEDO,Maria Saucedo Elementary Scholastic Academy,Magnet,41.847941,-87.697316,https://www.mariasaucedoscholasticacademy.org,STRONG
400075,U OF C - DONOGHUE,University of Chicago - Donoghue,Charter,41.827726,-87.608501,https://www.uchicagocharter.org,STRONG
609908,ESMOND,Esmond Elementary School,Neighborhood,41.68942,-87.669159,https://esmond.cps.edu,STRONG
609718,KENNEDY HS,John F Kennedy High School,Neighborhood,41.789961,-87.78084,http://www.kennedy.cps.edu,EXCELLING
609955,GRESHAM,Walter Q Gresham Elementary School,Neighborhood,41.73892,-87.645025,http://Greshamschool.org,EXCELLING
400157,NOBLE - BAKER HS,Noble - Baker College Prep,Charter,41.734622,-87.556201,https://nobleschools.org/baker,EMERGING
610539,CAMRAS,Marvin Camras Elementary School,Neighborhood,41.934931,-87.770127,http://camras.cps.edu/,DEVELOPING
609921,TELPOCHCALLI,Telpochcalli Elementary School,Neighborhood,41.847947,-87.696006,http://www.telpochcalli.cps.edu,EXCELLING
400169,NOBLE - ITW SPEER HS,Noble - ITW David Speer Academy,Charter,41.92563,-87.769808,https://nobleschools.org/speer,EMERGING
610111,PALMER,John Palmer Elementary School,Neighborhood,41.973289,-87.739213,https://palmerpride.org,EXCELLING
610078,INTER-AMERICAN,Inter-American Elementary Magnet School,Magnet,41.949003,-87.651573,https://iamschicago.com,STRONG
610524,ALCOTT HS,Louisa May Alcott College Preparatory HS,Small,41.935795,-87.680562,https://alcottcollegeprep.net,EXCELLING
610548,STEM,STEM Magnet Academy,Magnet,41.868576,-87.664969,https://STEMMagnetAcademy.com,EXCELLING
610263,DULLES,John Foster Dulles Elementary School,Neighborhood,41.7799,-87.617214,https://dullesschoolofexcellence.org,STRONG
609952,GREENE,Nathanael Greene Elementary School,Neighborhood,41.829669,-87.671492,https://greene.cps.edu,STRONG
610144,REILLY,Frank W Reilly Elementary School,Neighborhood,41.941094,-87.719541,http://www.reillyschool.com,STRONG
610308,RUDOLPH,Wilma Rudolph Elementary Learning Center,Special Education,41.883568,-87.669477,https://rudolph.cps.edu,EXCELLING
610596,VIRTUAL ACADEMY ES,The Virtual Academy Elementary School,Virtual,41.8627144,-87.6601387,https://virtualacademy.cps.edu,EXCELLING
609851,CHALMERS,Thomas Chalmers Specialty Elementary School,Neighborhood,41.866435,-87.695259,https://chalmerssoe.org,STRONG
609783,JEFFERSON HS,Nancy B Jefferson Alternative HS,Citywide-Option,41.867832,-87.680418,http://jefferson.cps.edu,STRONG
400068,PLATO,Plato Learning Academy,Contract,41.87276,-87.763337,http://www.platolearningacademy.org,EXCELLING
610386,PEACE AND EDUCATION HS,Peace & Education Coalition HS,Citywide-Option,41.803515,-87.667378,https://pechspanthers.org,DEVELOPING
609967,FINKL,William F Finkl Elementary School,Neighborhood,41.849215,-87.685668,https://finklacademy.org,STRONG
609925,KELLMAN,Joseph Kellman Corporate Community ES,Neighborhood,41.870168,-87.702163,http://www.kellman.cps.edu/,STRONG
610249,TALMAN,Talman Elementary School,Neighborhood,41.794048,-87.690261,https://talman.cps.edu,DEVELOPING
610197,TALCOTT,Mancel Talcott Elementary School,Neighborhood,41.892405,-87.673723,https://talcottfama.org,EXCELLING
610597,VIRTUAL ACADEMY HS,The Virtual Academy High School,Virtual,41.8627144,-87.6601387,https://virtualacademy.cps.edu,STRONG
400116,MONTESSORI ENGLEWOOD,The Montessori School of Englewood Charter,Charter,41.774572,-87.676147,https://www.tmsoe.org,STRONG
609751,KING HS,Dr  Martin Luther King  Jr  College Prep HS,Selective enrollment,41.813675,-87.603874,https://kcp.cps.edu,STRONG
610299,KING ES,Dr. Martin L. King Jr Academy of Social Justice,Neighborhood,41.765335,-87.641335,https://kingacademy.cps.edu,STRONG
609941,RANDOLPH,Asa Philip Randolph Elementary School,Magnet,41.760614,-87.675966,http://randolph.cps.edu/,DEVELOPING
610104,ONAHAN,William J Onahan Elementary School,Neighborhood,41.99379,-87.793108,https://onahanschool.org,DEVELOPING
400030,CICS - WEST BELDEN,CICS - West Belden,Charter,41.921687,-87.776749,https://www.cicswestbelden.org,DEVELOPING
609803,BLAINE,James G Blaine Elementary School,Neighborhood,41.950781,-87.664968,https://blaine.cps.edu,DEVELOPING
609912,FARNSWORTH,James B Farnsworth Elementary School,Neighborhood,41.97979,-87.766072,http://www.farnsworthschool.com,DEVELOPING
610227,WHITNEY,Eli Whitney Elementary School,Neighborhood,41.84008,-87.725546,http://whitney.cps.edu,DEVELOPING
610518,AUSTIN CCA HS,Austin College and Career Academy High School,Small,41.885993,-87.761916,https://accachicago.cps.edu,DEVELOPING
609691,NORTH-GRAND HS,North-Grand High School,Neighborhood,41.911674,-87.735238,https://www.northgrandhs.org,EXCELLING
609979,HEALY,Robert Healy Elementary School,Neighborhood,41.839595,-87.640341,http://healy.cps.edu/,STRONG
610011,JAMIESON,Minnie Mars Jamieson Elementary School,Neighborhood,41.984641,-87.700529,https://jamieson.cps.edu,STRONG
610202,TILTON,George W Tilton Elementary School,Neighborhood,41.884102,-87.730566,https://tiltonstem.com,STRONG
609769,GRAHAM HS,Ray Graham Training Center High School,Special Education,41.849675,-87.625315,https://raygrahamtrainingcenterhs.com,STRONG
609996,HOLDEN,Charles N Holden Elementary School,Neighborhood,41.838027,-87.653792,https://holdenschool.org,STRONG
609993,LARA,Agustin Lara Elementary Academy,Neighborhood,41.80977,-87.672182,https://lara.cps.edu,EXCELLING
400176,EXCEL SOUTHWEST HS,Excel Academy Southwest,Citywide-Option,41.765929,-87.69073,https://sesischools.com/locations/excel-academy-of-southwest,EXCELLING
610034,LAWNDALE,Lawndale Elementary Community Academy,Neighborhood,41.86296,-87.712957,https://lawndalepanthers.org,INCOMPLETE DATA
610345,WOODSON,Carter G Woodson South Elementary School,Neighborhood,41.814499,-87.608419,https://www.gowoodson.com,STRONG
400009,GLOBAL CITIZENSHIP,Academy for Global Citizenship Charter School,Charter,41.807579,-87.740097,https://agcchicago.org,STRONG
610342,SABIN,Albert R Sabin Elementary Magnet School,Magnet,41.906816,-87.68305,https://sabin.cps.edu,DEVELOPING
610503,FRAZIER PROSPECTIVE,Frazier Prospective IB Magnet ES,Magnet,41.86698,-87.727244,http://fraziermagnet.cps.edu/,STRONG
610230,WILDWOOD,Wildwood IB World Magnet School,Magnet,42.007491,-87.778345,https://wildwoodworldmagnet.org,STRONG
609740,WELLS HS,Wells Community Academy High School,Neighborhood,41.898995,-87.667483,https://WellsHS.cps.edu,EXCELLING
400011,LOCKE A,Alain Locke Charter School,Charter,41.877248,-87.705235,https://www.alainlocke.org,STRONG
610155,SAUGANASH,Sauganash Elementary School,Neighborhood,41.991169,-87.745951,http://sauganash.cps.edu,EXCELLING
610532,HERNANDEZ,Irene C. Hernandez Middle School for the Advancement of Science,Neighborhood,41.793479,-87.71137,https://hernanms.enschool.org/splash/,STRONG
610032,GREEN,Wendell E Green Elementary School,Neighborhood,41.719292,-87.6525,https://wendellgreenschool.com,STRONG
610000,HOWE,Julia Ward Howe Elementary School of Excellence,Neighborhood,41.893612,-87.759398,https://howejets.org,EMERGING
400059,NLCP - COLLINS HS,North Lawndale College Prep - Collins,Charter,41.864146,-87.700681,https://www.nlcphs.org,DEVELOPING
400136,YCCS - OLIVE HARVEY,YCCS-Olive Harvey Middle College HS,Charter,41.712922,-87.592333,https://yccs.us/campuses,INCOMPLETE DATA
610006,HURLEY,Edward N Hurley Elementary School,Neighborhood,41.766785,-87.719541,http://hurley.cps.edu,EXCELLING
610520,LASALLE II,LaSalle II Magnet Elementary School,Magnet,41.902914,-87.673696,http://www.lasalle2school.com,EMERGING
400049,LEGACY,Legacy Charter School,Charter,41.856859,-87.730348,https://legacycharterchicago.org,INCOMPLETE DATA
610009,GALILEO,Galileo Math & Science Scholastic Academy ES,Magnet,41.871255,-87.653366,https://galileoscholasticacademy.org,STRONG
610041,LOCKE J,Josephine C Locke Elementary School,Neighborhood,41.931762,-87.795604,https://lockeschool.org,EMERGING
610057,FAIRFIELD,Fairfield Elementary Academy,Neighborhood,41.780904,-87.692115,https://fairfieldacademy.org,EMERGING
609950,ORTIZ DE DOMINGUEZ,Josefa Ortiz De Dominguez Elementary School,Neighborhood,41.838791,-87.71719,https://ortizdedominguez.cps.edu,STRONG
610559,SHIELDS MIDDLE,James Shields Middle School,Neighborhood,41.806491,-87.68978,https://shieldsmiddleschool.org,EXCELLING
610217,WARD J,James Ward Elementary School,Neighborhood,41.84398,-87.635356,https://www.jameswardschool.com,EXCELLING
609907,ERICSON,Leif Ericson Elementary Scholastic Academy,Magnet,41.875744,-87.715804,https://www.ericsonmagnet.org,EMERGING
609842,CARSON,Rachel Carson Elementary School,Neighborhood,41.793272,-87.6878,https://carson.cps.edu,STRONG
400127,YCCS - AUSTIN CAREER,YCCS-Austin Career Education Center HS,Charter,41.894976,-87.760221,https://austincareer.org/,
610558,GOODE HS,Sarah E. Goode STEM Academy,Citywide-Option,41.75375,-87.707345,https://GoodeSTEMAcademy.org,STRONG
609939,GILLESPIE,Frank L Gillespie Elementary School,Neighborhood,41.725332,-87.623719,https://gillespietech.org,STRONG
610194,SUMNER,Charles Sumner  Math & Science Community Acad ES,Neighborhood,41.870828,-87.733524,https://sumnermsca.org,EXCELLING
610127,PETERSON,Mary Gage Peterson Elementary School,Neighborhood,41.981557,-87.712583,http://www.peterson.cps.edu/,STRONG
610046,LYON,Mary Lyon Elementary School,Neighborhood,41.934192,-87.777174,https://www.marylyonschool.com,STRONG
400032,CICS - ELLISON HS,CICS - Ralph Ellison,Charter,41.748382,-87.66898,https://cicsellison.org,DEVELOPING
610325,AVONDALE-LOGANDALE,Avondale-Logandale Elementary School,Neighborhood,41.93397,-87.708041,http://avondalelogandaleschool.org/,EXCELLING
400114,ACERO - SANTIAGO,Acero Charter Schools - Esmeralda Santiago,Charter,41.900344,-87.689896,http://es.aceroschools.org,EXCELLING
610312,MCDOWELL,Mary E McDowell Elementary School,Neighborhood,41.733132,-87.589589,https://www.memcdowellelementaryschool.com,EMERGING
610381,BRONZEVILLE HS,Bronzeville Scholastic Academy High School,Small,41.805204,-87.625004,https://bronzevillescholastic.org,STRONG
609966,HAMMOND,Charles G Hammond Elementary School,Neighborhood,41.852719,-87.696243,http://hammond.cps.edu,STRONG
400115,CATALYST - MARIA,Catalyst - Maria Charter School,Charter,41.770992,-87.693075,https://catalystschools.org/maria,DEVELOPING
609738,LINCOLN PARK HS,Lincoln Park High School,Neighborhood,41.918268,-87.646009,https://www.lincolnparkhs.org,EXCELLING
610182,SOLOMON,Hannah G Solomon Elementary School,Neighborhood,41.993942,-87.724043,https://solomon.cps.edu,STRONG
610117,PASTEUR,Louis Pasteur Elementary School,Neighborhood,41.786895,-87.732666,https://pasteurschool.org,STRONG
400111,LEARN - PERKINS,L.E.A.R.N. - Hunter Perkins Campus,Charter,41.743122,-87.665721,http://www.learncharter.org,STRONG
610100,WEST PARK,West Park Elementary Academy,Neighborhood,41.906907,-87.732443,https://westparkcps.org,STRONG
609692,SIMEON HS,Neal F Simeon Career Academy High School,Career academy,41.745781,-87.63541,https://simeonca.org,DEVELOPING
610183,SPENCER,Spencer Technology Academy,Neighborhood,41.884876,-87.750445,https://spencertech.cps.edu,EXCELLING
400101,ACERO - CISNEROS,Acero Charter Schools - Sandra Cisneros,Charter,41.822884,-87.693996,http://sc.aceroschools.org,INCOMPLETE DATA
400167,HORIZON - SOUTHWEST,Horizon Science Academy Southwest Chicago Charter,Charter,41.795201,-87.683963,https://www.hsaswchicago.org,STRONG
610059,MAYER,Oscar Mayer Magnet School,Magnet,41.923204,-87.657287,http://mayermagnet.org/,EXCELLING
609786,AVALON PARK,Avalon Park Elementary School,Neighborhood,41.748247,-87.591654,https://avalonparkarts.org/,EXCELLING
610316,EARHART,Amelia Earhart Options for Knowledge ES,Neighborhood,41.726107,-87.582182,http://earhart.cps.edu,EXCELLING
609811,BRIGHT,Orville T Bright Elementary School,Neighborhood,41.699726,-87.562084,https://orvillebright.org,INCOMPLETE DATA
609796,BEAUBIEN,Jean Baptiste Beaubien Elementary School,Regional gifted center,41.972394,-87.757565,http://www.beaubienelementary.org,EXCELLING
610589,SOR JUANA,Sor Juana Ines de la Cruz ES,Neighborhood,41.789597,-87.72638,https://sorjuana.cps.edu,EXCELLING
610389,ORR HS,Orr Academy High School,Neighborhood,41.894449,-87.726166,https://orracademy.org,INCOMPLETE DATA
610290,MAYS,Benjamin E Mays Elementary Academy,Neighborhood,41.772727,-87.637277,https://maysacademy.com,EXCELLING
400025,CICS - BUCKTOWN,CICS - Bucktown,Charter,41.922415,-87.681358,https://www.cicsbucktown.org,DEVELOPING
609724,MATHER HS,Stephen T Mather High School,Neighborhood,41.987589,-87.702496,https://matherhs.org,EXCELLING
610107,OTIS,James Otis Elementary School,Neighborhood,41.891806,-87.665426,https://otis.cps.edu,INCOMPLETE DATA
609749,NORTHSIDE PREP HS,Northside College Preparatory High School,Selective enrollment,41.981315,-87.708708,https://northsideprep.org,EXCELLING
610084,KELLER,Annie Keller Regional Gifted Center,Regional gifted center,41.69717,-87.697278,https://keller.cps.edu,STRONG
400124,YCCS - MCKINLEY,YCCS- McKinley Lakeside Leadership HS,Charter,41.841331,-87.625331,https://yccs.us/campuses,EMERGING
400058,NLCP - CHRISTIANA HS,North Lawndale College Prep - Christiana,Charter,41.858564,-87.708987,https://www.nlcphs.org,DEVELOPING
610595,FISHER,Dr. Fisher Early Learning Center,,41.916008,-87.634637,https://fisherearlylearning.org,
610586,SADLOWSKI,Edward E. Sadlowski Elementary School,Neighborhood,41.704859,-87.527985,http://sadlowski.cps.edu,STRONG
610588,RICHARDSON,Robert J. Richardson Middle School,Neighborhood,41.783826,-87.725422,http://richardson.cps.edu,STRONG
610248,CHICAGO ACADEMY ES,Chicago Academy Elementary School,Small,41.943056,-87.778187,http://www.chicagoacademy.org,STRONG
610529,OGDEN HS,Ogden International High School,Neighborhood,41.893548,-87.659405,https://ogden.cps.edu,EXCELLING
400017,ASPIRA - HAUGAN,ASPIRA Charter School - Haugan Middle School,Charter,41.966406,-87.721825,https://haugan.aspirail.org,STRONG
610218,WARREN,Joseph Warren Elementary School,Neighborhood,41.726763,-87.575353,https://warrencps.org,STRONG
609828,BURR,Jonathan Burr Elementary School,Neighborhood,41.912358,-87.668661,https://burrschool.org,EXCELLING
610043,LOVETT,Joseph Lovett Elementary School,Neighborhood,41.912718,-87.783919,https://lovettelementary.org,STRONG
610062,MIÑOSO,Minnie Miñoso Academy,Neighborhood,41.829993,-87.641103,https://www.minosoacademy.org/,EXCELLING
400023,CICS - AVALON/SOUTH SHORE,CICS - Avalon/South Shore,Charter,41.743179,-87.587928,https://www.regenerationschools.org/cics-avalon,EMERGING
400130,YCCS - YOUTH DEVELOPMENT,YCCS-Community Youth Development Institute HS,Charter,41.751377,-87.641731,https://www.cydihs.org,INCOMPLETE DATA
610568,PATHWAYS - AVONDALE HS,Pathways in Education- Avondale,Citywide-Option,41.939433,-87.705206,https://pathwaysineducation.org,INCOMPLETE DATA
400163,KIPP - BLOOM,KIPP Chicago Charter School - KIPP Bloom,Charter,41.793556,-87.639967,https://www.kippchicago.org,INCOMPLETE DATA
609880,DECATUR,Stephen Decatur Classical Elementary School,Classical,42.009289,-87.704619,https://www.decaturclassical.org,EXCELLING
610281,POWELL,Adam Clayton Powell Paideia Community Academy ES,Neighborhood,41.760332,-87.556789,https://powell.cps.edu,EXCELLING
400162,INTRINSIC HS,Intrinsic Charter School,Charter,41.938988,-87.741129,https://intrinsicschools.org,STRONG
610271,JENSEN,Jensen Elementary Scholastic Academy,Magnet,41.873815,-87.702241,http://jensen.cps.edu,DEVELOPING
400141,YCCS - TRUMAN,YCCS-Truman Middle College HS,Charter,41.965295,-87.659239,https://yccs.us/campuses,INCOMPLETE DATA
400151,LEARN - 7,L.E.A.R.N. Charter School - 7th Campus,Charter,41.88741,-87.701397,http://www.learncharter.org,INCOMPLETE DATA
610096,NIGHTINGALE,Florence Nightingale Elementary School,Neighborhood,41.797714,-87.689139,http://nightingale.cps.edu,DEVELOPING
400117,NOBLE - HANSBERRY HS,Noble - Hansberry College Prep,Charter,41.734442,-87.650987,https://nobleschools.org/hansberry,INCOMPLETE DATA
610047,MADISON,James Madison Elementary School,Neighborhood,41.759548,-87.590712,https://madison.cps.edu,EXCELLING
610036,LEWIS,Leslie Lewis Elementary School,Neighborhood,41.906826,-87.75455,https://lewisschoolofexcellence.org,STRONG
610200,THORP J,James N Thorp Elementary School,Neighborhood,41.733324,-87.54428,https://jnthorp.org,EMERGING
400071,PROVIDENCE ENGLEWOOD,Providence Englewood Charter School,Charter,41.775367,-87.663996,https://providenceenglewood.org,EXCELLING
609818,BURBANK,Luther Burbank Elementary School,Neighborhood,41.917598,-87.7827,https://burbank.cps.edu,STRONG
610276,MOLLISON,Irvin C Mollison Elementary School,Neighborhood,41.814358,-87.616618,https://www.mollisonelementary.org,STRONG
610521,DAVIS M,Sir Miles Davis Magnet Elementary Academy,Magnet,41.771221,-87.66653,https://milesdavismagnet.org,EMERGING
609977,WOODLAWN,Woodlawn Community Elementary School,Small,41.773366,-87.594392,https://woodlawn.cps.edu,EMERGING
610177,SKINNER,Mark Skinner Elementary School,Classical,41.879103,-87.659419,https://www.skinnerwest.cps.edu,DEVELOPING
609850,GREELEY,Horace Greeley Elementary School,Neighborhood,41.95281,-87.65098,https://greeleyelementary.com,EXCELLING
400179,NOBLE - MANSUETO HS,Noble Mansueto High School,Charter,41.800136,-87.728003,https://nobleschools.org/mansueto,EMERGING
609745,SOUTHSIDE HS,Southside Occupational Academy High School,Special Education,41.759852,-87.675947,https://southsideacademycps.org,EMERGING
610055,FARADAY,Michael Faraday Elementary School,Neighborhood,41.879714,-87.708092,https://faradayelementary.org,INCOMPLETE DATA
610185,STEVENSON,Adlai E Stevenson Elementary School,Neighborhood,41.747107,-87.731666,http://stevenson.cps.edu,DEVELOPING
610235,YOUNG ES,Ella Flagg Young Elementary School,Neighborhood,41.906791,-87.767143,https://www.EFYOUNGES.COM,DEVELOPING
610102,OGLESBY,Richard J Oglesby Elementary School,Neighborhood,41.75467,-87.645469,https://oglesby.cps.edu,STRONG
400128,YCCS - CCA ACADEMY,YCCS-CCA Academy HS,Charter,41.864943,-87.723662,https://ccaacademy.org,DEVELOPING
609800,BENNETT,Frank I Bennett Elementary School,Neighborhood,41.710435,-87.61739,https://bennettschool.org,INCOMPLETE DATA
610347,CLAREMONT,Claremont Academy Elementary School,Neighborhood,41.777511,-87.681061,https://claremontcps.org,DEVELOPING
610571,OMBUDSMAN - WEST HS,Ombudsman Chicago- West,Citywide-Option,41.874673,-87.687842,https://chicago.ombudsman.com,INCOMPLETE DATA
610392,WORLD LANGUAGE HS,World Language Academy High School,Small,41.834397,-87.735292,https://wl.lvlhs.org,STRONG
610175,SHOESMITH,Beulah Shoesmith Elementary School,Neighborhood,41.804294,-87.593905,http://shoesmith.cps.edu,DEVELOPING
610120,PECK,Ferdinand Peck Elementary School,Neighborhood,41.787899,-87.719216,https://peckelementary.org,STRONG
609815,BOUCHET,Edward A Bouchet Math & Science Academy ES,Neighborhood,41.760847,-87.576075,https://bouchet-brynmawr.cps.edu,STRONG
610157,SAWYER,Sidney Sawyer Elementary School,Neighborhood,41.797498,-87.705006,https://sawyer.cps.edu,EMERGING
400061,PERSPECTIVES - LEADERSHIP HS,Perspectives - Leadership Academy,Charter,41.745961,-87.652045,http://www.pcsedu.org,EMERGING
609920,KANOON,Gerald Delgado Kanoon Elementary Magnet School,Neighborhood,41.850771,-87.705112,https://kanoonmagnet.com,DEVELOPING
610355,COURTENAY,Mary E Courtenay Elementary Language Arts Center,Small,41.962308,-87.663853,http://courtenay.cps.edu,EXCELLING
400039,ERIE,Erie Elementary Charter School,Charter,41.906771,-87.694364,http://www.eriecharterschool.org,DEVELOPING
400035,CHICAGO MATH & SCIENCE HS,Chicago Math and Science Academy Charter School,Charter,42.013031,-87.674818,https://www.cmsaonline.net,EXCELLING
609698,BOGAN HS,William J Bogan High School,Neighborhood,41.749376,-87.721097,https://boganhs.org,STRONG
400098,NOBLE - MUCHIN HS,Noble - Muchin College Prep,Charter,41.88274,-87.626338,https://nobleschools.org/muchin,EXCELLING
609900,CURTIS,George W Curtis Elementary School,Neighborhood,41.685418,-87.621653,https://curtissoe.org/,EMERGING
609895,TURNER-DREW,Turner-Drew Elementary Language Academy,Magnet,41.725609,-87.630164,https://turner-drew.cps.edu,EMERGING
610208,LAVIZZO,Mildred I Lavizzo Elementary School,Neighborhood,41.696262,-87.627148,https://lavizzo.cps.edu,STRONG
400139,YCCS - SULLIVAN,YCCS-Sullivan House Alternative HS,Charter,41.746287,-87.578492,https://cps.edu/sullivanhouse,INCOMPLETE DATA
609833,DAISY BATES,Daisy Bates Academy of Social Justice,Neighborhood,41.739226,-87.580729,https://caldwell-academy.org,EMERGING
610234,YATES,Richard Yates Elementary School,Neighborhood,41.915039,-87.70028,https://www.yateselementary.org,STRONG
610063,MCCORMICK,Cyrus H McCormick Elementary School,Neighborhood,41.842267,-87.7063,https://mccormick.cps.edu,STRONG
610030,KOZMINSKI,Charles Kozminski Elementary Community Academy,Neighborhood,41.798002,-87.602481,https://kozminski.cps.edu,EXCELLING
400050,NAMASTE,Namaste Charter School,Charter,41.8257,-87.667724,http://www.namastecharterschool.org,DEVELOPING
610284,NEW FIELD,New Field Elementary School,Neighborhood,42.007703,-87.673168,https://newfield.cps.edu,EXCELLING
400086,URBAN PREP - ENGLEWOOD HS,Urban Prep Academy for Young Men - Englewood,Charter,41.781498,-87.634357,https://urbanprep.org,INCOMPLETE DATA
610198,TAYLOR,Douglas Taylor Elementary School,Neighborhood,41.71547,-87.532971,http://taylor.cps.edu/,EXCELLING
610304,PHOENIX MILITARY HS,Phoenix Military Academy High School,Military academy,41.879118,-87.68696,https://phoenixmilitary.org,DEVELOPING
610083,BEARD,Daniel C Beard Elementary School,Special Education,41.970125,-87.78963,https://beard.cps.edu,EXCELLING
610385,MULTICULTURAL ARTS HS,Multicultural Arts High School,Small,41.835282,-87.735283,https://multiculturalartshs.org/,EXCELLING
609798,BELDING,Hiram H Belding Elementary School,Neighborhood,41.958938,-87.73402,https://beldingelementary.com,STRONG
610176,SHOOP,John D Shoop Math-Science Technical Academy ES,Neighborhood,41.690919,-87.658669,https://shoop.cps.edu,STRONG
610599,CATALPA,Catalpa Early Childhood Center,,41.9759599,-87.7663557,https://catalpa.cps.edu,
400123,YCCS - SCHOLASTIC ACHIEVEMENT,YCCS- Academy of Scholastic Achievement HS,Charter,41.880447,-87.742539,http://asaschool.org,EMERGING
400034,CICS - NORTHTOWN HS,CICS - Northtown,Charter,41.990245,-87.726504,https://cicsnorthtown.org,STRONG
610269,MCCUTCHEON,John T McCutcheon Elementary School,Neighborhood,41.970949,-87.654758,https://mccutcheon.cps.edu,STRONG
610300,WESTCOTT,Oliver S Westcott Elementary School,Neighborhood,41.748868,-87.634751,https://westcott.cps.edu,EXCELLING
610369,JACKSON M,Mahalia Jackson Elementary School,Neighborhood,41.734125,-87.646767,http://www.mjacksoncps.com/,EMERGING
609716,KELVYN PARK HS,Kelvyn Park High School,Neighborhood,41.927918,-87.735999,https://kphermosa.org,EXCELLING
610091,BROWN R,Ronald Brown Elementary Community Academy,Neighborhood,41.664873,-87.638958,https://www.brownacademyeagles.org,INCOMPLETE DATA
610587,DYETT ARTS HS,Walter Henri Dyett High School for the Arts,Neighborhood,41.801204,-87.612239,https://newdyett.org,STRONG
400085,ACERO - GARCIA HS,Acero Charter Schools - Major Hector P. Garcia MD,Charter,41.809171,-87.730467,http://hg.aceroschools.org,EXCELLING
610594,PATHWAYS - HUMBOLDT PARK HS,Pathways in Education - Humboldt Park,Citywide-Option,41.902841,-87.687946,https://pathwaysineducation.org,INCOMPLETE DATA
609773,TUBMAN,Harriet Tubman Elementary School,Neighborhood,41.934126,-87.656229,https://tubmanelementarycps.org/,EXCELLING
610029,LOZANO,Rodolfo Lozano Bilingual & International Ctr ES,Neighborhood,41.908886,-87.665093,https://lozano1501.org,DEVELOPING
610504,THOMAS,Velma F Thomas Early Childhood Center,Neighborhood,41.827775,-87.677542,http://thomas.cps.edu/,EXCELLING
609797,BEIDLER,Jacob Beidler Elementary School,Neighborhood,41.885321,-87.705855,https://www.beidlerschool.org/,STRONG
609973,ZAPATA,Emiliano Zapata Elementary Academy,Neighborhood,41.841394,-87.734313,http://zapata.cps.edu,DEVELOPING
609705,FENGER HS,Christian Fenger Academy High School,Neighborhood,41.689951,-87.637572,https://fengerhighschool.org,STRONG
400062,PERSPECTIVES - TECH HS,Perspectives - High School of Technology,Charter,41.745949,-87.650657,https://www.pcsedu.org,DEVELOPING
609922,BELMONT-CRAGIN,Belmont-Cragin Elementary School,Small,41.92095,-87.757343,https://belmontcragin.cps.edu,EXCELLING
610060,CHICAGO WORLD LANGUAGE ACADEMY,Chicago World Language Academy,Magnet,41.8743,-87.660985,https://www.chicagoworldlanguageacademy.cps.edu,DEVELOPING
609991,HERZL,Theodore Herzl Elementary School,Neighborhood,41.862081,-87.718994,https://www.herzlschoolofexcellence.org,EXCELLING
609729,SCHURZ HS,Carl Schurz High School,Neighborhood,41.946365,-87.735612,https://schurzhs.org,EXCELLING
400013,ASPIRA - EARLY COLLEGE HS,ASPIRA Charter School - Early College High School,Charter,41.937298,-87.727096,https://aec.aspirail.org,STRONG
610254,DVORAK,Dvorak Technology Academy,Neighborhood,41.858883,-87.715744,http://cps.edu/dvorak,EMERGING
610124,WASHINGTON H ES,Harold Washington Elementary School,Neighborhood,41.728534,-87.596257,https://www.hwespacers.org,DEVELOPING
609974,HAWTHORNE,Hawthorne Elementary Scholastic Academy,Magnet,41.942275,-87.657709,https://www.hawthorneacad.org,EXCELLING
610152,RUGGLES,Martha Ruggles Elementary School,Neighborhood,41.751946,-87.618066,https://ruggleselementary.org,EMERGING
400029,CICS - WASHINGTON PARK,CICS - Washington Park,Charter,41.783617,-87.622068,https://regenerationschools.org/cics-washington-park,DEVELOPING
400044,KIPP - ASCEND,KIPP Ascend Charter School,Charter,41.85837,-87.721071,https://www.kippchicago.org,DEVELOPING
400165,LEARN - MIDDLE,L.E.A.R.N. - Middle School Campus,Charter,41.887413,-87.702704,http://www.learncharter.org,INCOMPLETE DATA
400105,URBAN PREP - BRONZEVILLE HS,Urban Prep Academy for Young Men - Bronzeville,Charter,41.831118,-87.613629,https://urbanprep.org,INCOMPLETE DATA
610573,SAFE ACHIEVE HS,Safe Achieve Academy HS,Citywide-Option,41.753115,-87.551804,https://sesischools.com/locations/safe-achieve-academy-of-chicago,INCOMPLETE DATA
609986,HENDERSON,Charles R Henderson Elementary School,Neighborhood,41.790591,-87.671887,http://henderson.cps.edu,STRONG
400159,CHRISTOPHER HOUSE,Christopher House Charter School,Charter,41.922181,-87.757522,https://christopherhouse.org,EMERGING
609836,CANTY,Arthur E Canty Elementary School,Neighborhood,41.948007,-87.829296,https://www.cantyschool.org,EXCELLING
609827,BURNSIDE,Burnside Elementary Scholastic Academy,Magnet,41.728481,-87.607435,https://burnsidescholasticacademy.org,EMERGING
609830,BRUNSON,Milton Brunson Math & Science Specialty ES,Neighborhood,41.897663,-87.765606,https://brunsonbulldogs.org,STRONG
610170,COLUMBIA EXPLORERS,Columbia Explorers Elementary Academy,Neighborhood,41.811069,-87.704199,https://columbiaexplorers.org,STRONG
400106,NOBLE - JOHNSON HS,Noble - John and Eunice Johnson College Prep,Charter,41.778369,-87.635117,https://nobleschools.org/johnson,DEVELOPING
609759,CLEMENTE HS,Roberto Clemente Community Academy High School,Neighborhood,41.902626,-87.686906,https://www.rccachicago.org,STRONG
609805,JOPLIN,Scott Joplin Elementary School,Neighborhood,41.749339,-87.669366,https://scottjoplinschool.org,EMERGING
609755,YOUNG HS,Whitney M Young Magnet High School,Selective enrollment,41.878603,-87.664233,https://wyoung.org,EXCELLING
610252,DETT,Robert Nathaniel Dett Elementary School,Neighborhood,41.87987,-87.680315,http://dett.cps.edu,INCOMPLETE DATA
610295,HIGGINS,Thomas J Higgins Elementary Community Academy,Neighborhood,41.681031,-87.646994,https://higginsacademy.cps.edu,STRONG
610396,TARKINGTON,Tarkington School of Excellence ES,Neighborhood,41.764407,-87.706445,https://tarkington.cps.edu,INCOMPLETE DATA
610339,STAGG,Amos Alonzo Stagg Elementary School,Neighborhood,41.758925,-87.649217,https://staggsoe.org,EMERGING
610293,MELODY,Genevieve Melody Elementary School,Neighborhood,41.878799,-87.724661,https://melodystem.org,EMERGING
610048,MANIERRE,George Manierre Elementary School,Neighborhood,41.908247,-87.639827,https://manierreferguson.org,DEVELOPING
609919,FISKE,John Fiske Elementary School,Neighborhood,41.785183,-87.608633,https://fiskeelementary.org,EMERGING
400026,CICS - LOOMIS,CICS - Loomis Primary,Charter,41.720246,-87.657561,https://www.cicsloomislongwood.org,EXCELLING
609807,HAMPTON,Lionel Hampton Fine & Performing Arts ES,Neighborhood,41.753457,-87.708731,https://hamptoncps.org,EXCELLING
610068,HANSON PARK,Hanson Park Elementary School,Neighborhood,41.923955,-87.761515,https://hanson.cps.edu,STRONG
609762,JULIAN HS,Percy L Julian High School,Neighborhood,41.705859,-87.653749,https://pljulianhs.net,EXCELLING
609987,HENDRICKS,Thomas A Hendricks Elementary Community Academy,Neighborhood,41.815788,-87.633664,https://hendricksacademy.org,STRONG
609780,MARINE LEADERSHIP AT AMES HS,Marine Leadership Academy at Ames,Military academy,41.916045,-87.721742,http://marine.cps.edu,EXCELLING
610087,BLAIR,Blair Early Childhood Center,Special Education,41.776556,-87.790604,https://blair.cps.edu/,EXCELLING
610099,NORWOOD PARK,Norwood Park Elementary School,Neighborhood,41.988153,-87.802979,http://norwoodpark.cps.edu,EXCELLING
610268,ASHE,Arthur R Ashe Elementary School,Neighborhood,41.740184,-87.601174,https://cps.edu/ashe,DEVELOPING
400180,KIPP - ONE,KIPP One Academy,Charter,41.893805,-87.726615,https://www.kippchicago.org,STRONG
400121,ACERO - DE LA CRUZ,Acero Charter Schools - Sor Juana Inés de la Cruz,Charter,42.016476,-87.684406,http://jc.aceroschools.org,EXCELLING
610094,NETTELHORST,Louis Nettelhorst Elementary School,Neighborhood,41.941637,-87.644561,https://nettelhorst.org,EXCELLING
609866,COONLEY,John C Coonley Elementary School,Regional gifted center,41.955553,-87.683765,http://coonley.cps.edu,STRONG
610220,WATERS,Thomas J Waters Elementary School,Neighborhood,41.964165,-87.691433,http://www.waterselementary.org,EXCELLING
609791,BASS,Perkins Bass Elementary School,Neighborhood,41.774246,-87.653532,https://perkinsbasselementary.org/,EXCELLING
609735,TILDEN HS,Edward Tilden Career Community Academy HS,Neighborhood,41.80751,-87.642966,https://tilden.cps.edu,EXCELLING
610184,SPRY ES,John Spry Elementary Community School,Neighborhood,41.847747,-87.700184,http://spry.cps.edu,DEVELOPING
400047,LEARN - CAMPBELL,L.E.A.R.N. - Charles and Dorothy Campbell Campus,Charter,41.877861,-87.698739,http://www.learncharter.org,DEVELOPING
400143,YCCS - WEST TOWN,YCCS-West Town Acad Alternative HS,Charter,41.890803,-87.702053,https://westtownacademy.org,EMERGING
610010,JAHN,Friedrich L. Jahn Elementary of the Fine Arts,Neighborhood,41.939247,-87.67581,https://www.jahnschool.com,EXCELLING
610021,CASALS,Pablo Casals Elementary School,Neighborhood,41.904503,-87.714234,https://www.casalssoe.org/,DEVELOPING
400119,LEGAL PREP HS,Legal Prep Charter Academy,Charter,41.881733,-87.733778,https://www.legalprep.org,DEVELOPING
400125,YCCS - ASPIRA PANTOJA,"YCCS-ASPIRA,Antonia Pantoja Alternative HS",Charter,41.938187,-87.727137,https://aap.aspirail.org,INCOMPLETE DATA
609975,HAY,John Hay Elementary Community Academy,Neighborhood,41.899171,-87.755813,https://johnhayacademy.org,DEVELOPING
400120,ACERO - CLEMENTE,Acero Charter Schools - Roberto Clemente,Charter,41.917952,-87.78783,http://rc.aceroschools.org,EXCELLING
610216,WALSH,John A Walsh Elementary School,Neighborhood,41.854836,-87.648086,http://walshschool.cps.edu,STRONG
400031,CICS - WRIGHTWOOD,CICS - Wrightwood,Charter,41.745365,-87.692614,https://cicswrightwood.org,DEVELOPING
610207,VANDERPOEL,John H Vanderpoel Elementary Magnet School,Magnet,41.720817,-87.665559,http://www.vhaelementary.org/,STRONG
610136,PRESCOTT,William H Prescott Elementary School,Neighborhood,41.928841,-87.669528,https://prescottparents.com,EXCELLING
610405,SUDER,Suder Montessori Magnet ES,Magnet,41.883215,-87.677636,https://sudermontessori.org,STRONG
610291,LEE,Richard Henry Lee Elementary School,Neighborhood,41.775305,-87.728884,https://leelions.org,DEVELOPING
610174,SHIELDS,James Shields Elementary School,Neighborhood,41.815909,-87.689647,http://shields.cps.edu,EXCELLING
609873,CROWN,Crown Community Academy of Fine Arts Center ES,Neighborhood,41.852663,-87.71247,https://crown.cps.edu,INCOMPLETE DATA
400149,ACERO - SOTO HS,Acero Charter Schools - Victoria Soto,Charter,41.801762,-87.711025,http://vs.aceroschools.org,INCOMPLETE DATA
609678,JONES HS,William Jones College Preparatory High School,Selective enrollment,41.873066,-87.627675,https://www.jonescollegeprep.org,EXCELLING
609917,FERNWOOD,Fernwood Elementary School,Neighborhood,41.711184,-87.640414,http://www.fernwoodelementary.org/,INCOMPLETE DATA
400133,YCCS - INNOVATIONS,YCCS- Innovations HS of Arts Integration,Charter,41.883047,-87.627734,https://www.innovationshs.org,STRONG
610557,PATHWAYS - ASHBURN HS,Pathways in Education- Ashburn,Citywide-Option,41.735239,-87.70406,https://pathwaysineducation.org,EMERGING
609894,DRAKE,John B Drake Elementary School,Neighborhood,41.844043,-87.628553,https://drake.cps.edu,EXCELLING
610026,KINZIE,John H Kinzie Elementary School,Neighborhood,41.789965,-87.779483,http://kinzie.cps.edu,DEVELOPING
610352,DURKIN PARK,Durkin Park Elementary School,Neighborhood,41.738844,-87.729955,https://durkinpark.com,STRONG
400069,POLARIS,Polaris Charter Academy,Charter,41.89255,-87.707796,https://pcachicago.org,STRONG
609944,GRISSOM,Virgil Grissom Elementary School,Neighborhood,41.662481,-87.553307,https://grissom.cps.edu,EXCELLING
609995,HITCH,Rufus M Hitch Elementary School,Neighborhood,41.983672,-87.779123,https://hitch.cps.edu,EXCELLING
610298,LENART,Lenart Elementary Regional Gifted Center,Regional gifted center,41.747186,-87.62804,https://lenart.cps.edu,STRONG
610038,LINCOLN,Abraham Lincoln Elementary School,Neighborhood,41.924525,-87.644497,https://www.lincolnelementary.org,DEVELOPING
610109,OWEN,William Bishop Owen Scholastic Academy ES,Magnet,41.74285,-87.705749,https://owenscholasticacademy.org,STRONG
609682,RICHARDS HS,Ellen H Richards Career Academy High School,Neighborhood,41.802881,-87.662278,https://richards.cps.edu,STRONG
609978,SMITH,Wendell Smith Elementary School,Neighborhood,41.707558,-87.60466,https://wendellsmith.cps.edu,INCOMPLETE DATA
609834,LITTLE VILLAGE,Little Village Elementary School,Neighborhood,41.843698,-87.717319,https://lva.cps.edu,EXCELLING
610037,LIBBY,Arthur A Libby Elementary School,Neighborhood,41.797685,-87.659933,https://libby.cps.edu,EMERGING
610165,SCHUBERT,Franz Peter Schubert Elementary School,Neighborhood,41.930403,-87.76119,https://schubertes.org,DEVELOPING
609930,FUNSTON,Frederick Funston Elementary School,Neighborhood,41.917617,-87.716892,https://funston.cps.edu,STRONG
610065,TILL,Emmett Louis Till Math and Science Academy,Neighborhood,41.775424,-87.609357,https://emmetttillelementary.com,EXCELLING
610245,DOUGLASS HS,Frederick A Douglass Academy High School,Neighborhood,41.890369,-87.767668,https://douglassacademy.org,STRONG
609799,BELL,Alexander Graham Bell Elementary School,Regional gifted center,41.94953,-87.686018,http://bell.cps.edu,EXCELLING
609897,EARLE,Charles W Earle Elementary School,Neighborhood,41.781225,-87.675547,https://earlestemelementary.org,DEVELOPING
609926,FRANKLIN,Franklin Elementary Fine Arts Center,Magnet,41.9066,-87.635513,https://franklinfineartscenter.net,EXCELLING
610366,WACKER,Charles H Wacker Elementary School,Neighborhood,41.716193,-87.648044,https://wackerwildcats.org,EMERGING
610282,MCNAIR,Ronald E McNair Elementary School,Neighborhood,41.897819,-87.746731,https://mcnairschool.org,STRONG
610533,PRIETO,Dr Jorge Prieto Math and Science,Neighborhood,41.921318,-87.765781,http://prieto.cps.edu,STRONG
609849,CASSELL,George F Cassell Elementary School,Neighborhood,41.687347,-87.703215,https://cassell.cps.edu,EXCELLING
610219,WASHINGTON G ES,George Washington Elementary School,Neighborhood,41.688131,-87.536015,https://gwashington.cps.edu,DEVELOPING
609859,CLINTON,DeWitt Clinton Elementary School,Neighborhood,41.992541,-87.69836,https://clinton.cps.edu,EXCELLING
400129,YCCS - PROGRESSIVE LEADERSHIP,YCCS-Progressive Leadership Academy,Charter,41.773962,-87.61574,https://www.pla-yccs.org,INCOMPLETE DATA
400134,YCCS - ADDAMS,YCCS-Jane Addams Alternative HS,Charter,41.857208,-87.644888,https://www.jahs.org,
609899,EBINGER,Christian Ebinger Elementary School,Neighborhood,42.004408,-87.81117,https://ebingerschool.org,STRONG
400052,NOBLE - COMER,Noble - Gary Comer College Prep,Charter,41.764083,-87.601974,https://nobleschools.org/comer,DEVELOPING
609855,CHRISTOPHER,Walter S Christopher Elementary School,Neighborhood,41.801659,-87.685607,https://www.christopherschool.org,EXCELLING
610039,VON LINNE,Carl von Linne Elementary School,Neighborhood,41.940009,-87.702635,https://www.linneschool.org,EXCELLING
610116,PARKSIDE,Parkside Elementary Community Academy,Neighborhood,41.768555,-87.582954,https://parksideacademy.org,EXCELLING
610199,COLEMON,Johnnie Colemon Elementary Academy,Neighborhood,41.677505,-87.658111,https://colemon.cps.edu,EXCELLING
609854,CHOPIN,Frederic Chopin Elementary School,Neighborhood,41.896713,-87.688937,https://chopin.cps.edu,EXCELLING
400081,ACERO - DE LAS CASAS,Acero Charter Schools - Bartolomé de las Casas,Charter,41.859504,-87.667949,http://bc.aceroschools.org,STRONG
400082,ACERO - FUENTES,Acero Charter Schools - Carlos Fuentes,Charter,41.937476,-87.699594,http://cf.aceroschools.org,STRONG
610543,SOLORIO HS,Eric Solorio Academy High School,Neighborhood,41.795201,-87.711059,https://solorioacademy.org,EXCELLING
609832,BYRNE,Michael M Byrne Elementary School,Neighborhood,41.795031,-87.791544,https://byrnecps.org,STRONG
609876,DAVIS N,Nathan S Davis Elementary School,Neighborhood,41.821852,-87.700202,http://nathansdavis.cps.edu,DEVELOPING
609844,CARTER,William W Carter Elementary School,Neighborhood,41.789828,-87.622453,https://cartersoe.cps.edu,DEVELOPING
400147,CHICAGO EXCEL HS,Chicago Excel Academy HS,Citywide-Option,41.691953,-87.654248,https://sesischools.com/locations/excel-academy-of-roseland,INCOMPLETE DATA
400161,CHICAGO COLLEGIATE,Chicago Collegiate Charter School,Charter,41.679318,-87.617968,https://chicagocollegiate.org,EMERGING
610110,WELLS ES,Ida B Wells Preparatory Elementary Academy,Small,41.827355,-87.61978,http://wellsprepelementary.com,DEVELOPING
609754,CHICAGO MILITARY HS,Chicago Military Academy High School,Military academy,41.830555,-87.619216,https://chicagomilitaryacademy.org,STRONG
609997,HOLMES,Oliver Wendell Holmes Elementary School,Neighborhood,41.793788,-87.649795,http://owholmes.cps.edu,EXCELLING
400028,CICS - PRAIRIE,CICS - Prairie,Charter,41.684433,-87.616888,https://www.cicsprairie.org,STRONG
610051,NORTHWEST,Northwest Middle School,Neighborhood,41.920555,-87.757854,https://northwest.cps.edu,EXCELLING
610148,CHAVEZ,Cesar E Chavez Multicultural Academic Center ES,Neighborhood,41.807143,-87.666037,https://chavez.cps.edu,EXCELLING
400181,ART IN MOTION,Art in Motion Charter School,Charter,41.760034,-87.583328,https://www.aimchicago.org,EXCELLING
610561,CRANE MEDICAL HS,Richard T Crane Medical Preparatory HS,Magnet,41.876947,-87.683301,https://newcranemedicalprep.org,DEVELOPING
609902,METCALFE,Ralph H Metcalfe Elementary Community Academy,Neighborhood,41.669444,-87.634306,https://metcalfe.cps.edu,INCOMPLETE DATA
610056,MASON,Roswell B Mason Elementary School,Small,41.856864,-87.731672,https://www.masonelementary.org,EXCELLING
610015,JUNGMAN,Joseph Jungman Elementary School,Neighborhood,41.858065,-87.652302,https://www.jungmanstem.org,EXCELLING
610362,EVERS,Medgar Evers Elementary School,Neighborhood,41.715665,-87.639305,https://www.evers.cps.edu,EXCELLING
610237,BEETHOVEN,Ludwig Van Beethoven Elementary School,Neighborhood,41.809135,-87.627137,https://www.beethovenelementarycps.org/,STRONG
609794,EDISON,Thomas A Edison Regional Gifted Center ES,Regional gifted center,41.971506,-87.709304,https://edisongifted.com,EXCELLING
609958,GUNSAULUS,Frank W Gunsaulus Elementary Scholastic Academy,Magnet,41.813007,-87.699364,https://gunsaulus.org,EXCELLING
609792,BATEMAN,Newton Bateman Elementary School,Neighborhood,41.95822,-87.702151,http://bateman.cps.edu,STRONG
609947,GRAHAM ES,Alexander Graham Elementary School,Neighborhood,41.813304,-87.643344,https://grahames.org,DEVELOPING
610138,PULASKI,Pulaski International School of Chicago,Neighborhood,41.918486,-87.683801,http://www.pulaskischool.org,STRONG
400126,YCCS - ASSOCIATION HOUSE,YCCS-Association House HS,Charter,41.901572,-87.70686,https://associationhouse.org,DEVELOPING
400022,CHIARTS HS,Chicago High School for the Arts (ChiArts),Contract,41.899377,-87.694945,https://chiarts.org,EXCELLING
609862,COLES,Edward Coles Elementary Language Academy,Neighborhood,41.741413,-87.56597,https://colesacademy.cps.edu,EMERGING
400172,ASPIRA - BUSINESS & FINANCE HS,ASPIRA Business and Finance,Charter,41.935726,-87.718204,https://abfhs.aspirail.org,EXCELLING
610002,HOYNE,Thomas Hoyne Elementary School,Neighborhood,41.733338,-87.568228,https://thomashoyne.org,STRONG
400053,NOBLE - GOLDER HS,Noble - Golder College Prep,Charter,41.895282,-87.664483,https://nobleschools.org/golder,INCOMPLETE DATA
609829,BURROUGHS,John C Burroughs Elementary School,Neighborhood,41.828868,-87.692457,http://burroughs.cps.edu,DEVELOPING
609875,DARWIN,Charles R Darwin Elementary School,Neighborhood,41.923323,-87.705413,https://www.darwin.cps.edu,EXCELLING
610005,HUGHES C,Charles Evans Hughes Elementary School,Neighborhood,41.860518,-87.731777,https://hughesce.cps.edu,DEVELOPING
610384,INFINITY HS,Infinity Math Science and Technology High School,Small,41.836169,-87.735278,https://www.infinityhs.org,STRONG
400168,GREAT LAKES,Great Lakes Academy Charter School,Charter,41.742671,-87.559907,http://www.glachicago.org/,EMERGING
400076,U OF C - NKO,University of Chicago - North Kenwood/Oakland,Charter,41.811183,-87.598786,https://www.uchicagocharter.org,STRONG
610024,CARDENAS,Lazaro Cardenas Elementary School,Neighborhood,41.848488,-87.716017,https://cardenas.cps.edu,STRONG
609951,ARIEL,Ariel Elementary Community Academy,Small,41.811173,-87.597503,https://arielcommunityacademy.cps.edu,INCOMPLETE DATA
609821,BURNHAM,Burnham Elementary Inclusive Academy,Neighborhood,41.714402,-87.567131,https://cps.edu/burnham,DEVELOPING
609885,DEWEY,Dewey Elementary Academy of Fine Arts,Neighborhood,41.795646,-87.642652,https://deweysoe.org,EMERGING
609909,EVERETT,Edward Everett Elementary School,Neighborhood,41.831555,-87.68131,https://everett.cps.edu,EMERGING
609725,MORGAN PARK HS,Morgan Park High School,Neighborhood,41.692035,-87.665658,https://morganparkcps.org,EXCELLING
609985,HEFFERAN,Helen M Hefferan Elementary School,Neighborhood,41.878665,-87.735802,https://hefferan.cps.edu,INCOMPLETE DATA
610173,SHERWOOD,Jesse Sherwood Elementary School,Neighborhood,41.7908,-87.632279,https://sherwood.cps.edu,EXCELLING
610317,BRIGHTON PARK,Brighton Park Elementary School,Neighborhood,41.8239,-87.692077,http://brightonpark.cps.edu/,EXCELLING
610089,MURPHY,John B Murphy Elementary School,Neighborhood,41.950078,-87.716832,http://www.murphy.cps.edu/,EXCELLING
609935,GALLISTEL,Matthew Gallistel Elementary Language Academy,Magnet,41.706801,-87.535175,http://gallistel.cps.edu/,STRONG
400046,LEARN - BUTLER,L.E.A.R.N. - Romano Butler Campus,Charter,41.867273,-87.710679,http://www.learncharter.org,EXCELLING
610313,DE DIEGO,Jose De Diego Elementary Community Academy,Neighborhood,41.905294,-87.685756,http://josedediego.cps.edu,STRONG
610315,WHITE,Edward White Elementary Career Academy,Neighborhood,41.672309,-87.650539,https://whitecareeracademy.org,INCOMPLETE DATA
609990,SOUTH LOOP,South Loop Elementary School,Regional gifted center,41.859741,-87.628349,https://southloopschool.org,EXCELLING
609910,FALCONER,Laughlin Falconer Elementary School,Neighborhood,41.935785,-87.749331,https://falconerelementary.com,EXCELLING
609710,HARLAN HS,John M Harlan Community Academy High School,Neighborhood,41.718372,-87.620623,https://www.harlanfalcons.org,EXCELLING
609883,DENEEN,Charles S Deneen Elementary School,Neighborhood,41.76249,-87.623345,https://deneen.cps.edu,EMERGING
609874,DIRKSEN,Everett McKinley Dirksen Elementary School,Neighborhood,41.973715,-87.841041,http://dirksen.cps.edu,STRONG
610394,UPLIFT HS,Uplift Community High School,Small,41.965547,-87.652473,https://uplifths.cps.edu,EXCELLING
610131,PLAMONDON,Ambrose Plamondon Elementary School,Neighborhood,41.860259,-87.692526,https://sites.google.com/cps.edu/plamondonpantherforparents/home,STRONG
609777,ARMOUR,Phillip D Armour Elementary School,Neighborhood,41.833854,-87.650653,https://armourelementary.org/,EXCELLING
400066,PERSPECTIVES - MATH & SCI HS,Perspectives - Math and Science Academy,Charter,41.827784,-87.624788,https://www.pcsedu.org,INCOMPLETE DATA
609810,BRIDGE,Norman A Bridge Elementary School,Neighborhood,41.949114,-87.798669,https://bridge.cps.edu,DEVELOPING
609861,CLISSOLD,Henry R Clissold Elementary School,Neighborhood,41.693026,-87.680897,http://www.clissold-school.org,STRONG
609852,CHAPPELL,Eliza Chappell Elementary School,Neighborhood,41.975894,-87.683264,https://chappellelementaryschool.org,STRONG
610367,DEPRIEST,Oscar DePriest Elementary School,Neighborhood,41.877979,-87.766298,https://depriestschool.org,EXCELLING
610354,NORTH RIVER,North River Elementary School,Small,41.961721,-87.707151,https://northriveres.org,EXCELLING
609901,EDGEBROOK,Edgebrook Elementary School,Neighborhood,41.999437,-87.76184,https://edgebrookschool.org,STRONG
609968,MCAULIFFE,Sharon Christa McAuliffe Elementary School,Neighborhood,41.914816,-87.723931,https://mcauliffees.org,STRONG
609713,HYDE PARK HS,Hyde Park Academy High School,Neighborhood,41.782257,-87.586615,https://hydeparkcps.org,STRONG
400083,ACERO - PAZ,Acero Charter Schools - Octavio Paz Campus,Charter,41.850035,-87.692551,http://op.aceroschools.org,EXCELLING
610229,PRITZKER,A.N. Pritzker School,Regional gifted center,41.907053,-87.677761,http://www.pritzkerschool.org,EXCELLING
610364,DUBOIS,William E B Dubois Elementary School,Neighborhood,41.653733,-87.61432,https://dubois.cps.edu,EMERGING
610105,ORIOLE PARK,Oriole Park Elementary School,Neighborhood,41.978501,-87.812054,https://orioleparkschool.com,STRONG
609924,FORT DEARBORN,Fort Dearborn Elementary School,Neighborhood,41.729673,-87.655481,https://fortdearborn.cps.edu,DEVELOPING
610357,SPRY HS,Spry Community Links High School,Neighborhood,41.847762,-87.698946,http://www.comlinkshs.org,STRONG
610128,GARVEY,Marcus Moziah Garvey Elementary School,Neighborhood,41.706603,-87.647577,https://garvey.cps.edu,DEVELOPING
610013,PILSEN,Pilsen Elementary Community Academy,Neighborhood,41.858849,-87.662209,https://pilsenacademy.org,EXCELLING
610238,BOND,Carrie Jacobs Bond Elementary School,Neighborhood,41.765361,-87.653018,https://bondelementary.org,DEVELOPING
609837,CARNEGIE,Andrew Carnegie Elementary School,Regional gifted center,41.783368,-87.590795,https://carnegie.cps.edu,DEVELOPING
609695,AMUNDSEN HS,Roald Amundsen High School,Neighborhood,41.975067,-87.679484,http://www.amundsenhs.org,EXCELLING
609961,NINOS HEROES,Ninos Heroes Elementary Academic Center,Neighborhood,41.743753,-87.551862,https://ninosheroes.org,STRONG
610196,SWIFT,George B Swift Elementary Specialty School,Neighborhood,41.989139,-87.658296,https://swiftelementary.org,EXCELLING
610390,RICKOVER MILITARY HS,Hyman G Rickover Naval Academy High School,Military academy,41.957599,-87.769938,http://www.rickovernaval.org,EXCELLING
610368,HUGHES L,Langston Hughes Elementary School,Neighborhood,41.705342,-87.629869,http://lhughes.cps.edu,EXCELLING
610257,MORTON,Morton School of Excellence,Neighborhood,41.889178,-87.705108,https://mortonschool.org,EXCELLING
400107,LEARN - SOUTH CHICAGO,L.E.A.R.N. - South Chicago Campus,Charter,41.733333,-87.54558,http://www.learncharter.org,STRONG
610052,MANN,Horace Mann Elementary School,Neighborhood,41.748274,-87.574816,http://mann.cps.edu,STRONG
609904,ELLINGTON,Edward K Ellington Elementary School,Neighborhood,41.88553,-87.766589,https://www.ellington.cps.edu/,EXCELLING
610391,LINDBLOM HS,Robert Lindblom Math & Science Academy HS,Selective enrollment,41.782041,-87.671662,https://lindblomeagles.org,EXCELLING
610142,RAY,William H Ray Elementary School,Neighborhood,41.792348,-87.594752,http://ray.cps.edu,EXCELLING
610191,STONE,Stone Elementary Scholastic Academy,Magnet,41.995359,-87.684793,http://stoneacademy.net/,EXCELLING
609893,DORE,John C Dore Elementary School,Neighborhood,41.773825866,-87.79974193,https://www.dorebulldogschicago.org,STRONG
609789,BARRY,John Barry Elementary School,Neighborhood,41.932511,-87.739388,https://barry.cps.edu,EXCELLING
400144,YCCS - WEST,YCCS-West HS,Charter,41.90224,-87.74881,https://yccs.us/campuses,DEVELOPING
400055,NOBLE - RAUNER HS,Noble - Rauner College Prep,Charter,41.892425,-87.660859,https://nobleschools.org/rauner,STRONG
400137,LITTLE BLACK PEARL HS,Little Black Pearl Art and Design Academy,Charter,41.809695,-87.59934,https://www.lbpacademy.org,STRONG
609753,CHICAGO AGRICULTURE HS,Chicago High School for Agricultural Sciences,Magnet,41.691221,-87.71777,https://chicagoagr.org,EXCELLING
610121,IRVING,Washington Irving Elementary School,Neighborhood,41.871595,-87.683616,https://irving.cps.edu,DEVELOPING
609732,STEINMETZ HS,Charles P Steinmetz College Preparatory HS,Neighborhood,41.935634,-87.783515,https://steinmetzcp.org,STRONG
609790,BARTON,Clara Barton Elementary School,Neighborhood,41.754194,-87.670927,https://bartonschoolchicago.org,DEVELOPING
609693,WESTINGHOUSE HS,George Westinghouse College Prep,Selective enrollment,41.889977,-87.707332,https://newwestinghouse.org,STRONG
610209,VOLTA,Alessandro Volta Elementary School,Neighborhood,41.971634,-87.724605,https://volta.cps.edu,DEVELOPING
609896,DRUMMOND,Thomas Drummond Elementary School,Magnet,41.915914,-87.674495,http://drummondschool.org,EXCELLING
610340,CHICAGO ACADEMY HS,Chicago Academy High School,Small,41.943054,-87.776847,https://chicagoacademyhs.org,EXCELLING
609808,HALEY,Alex Haley Elementary Academy,Neighborhood,41.68666,-87.633632,https://www.alexhaleyacademy.com,STRONG
610206,TWAIN,Mark Twain Elementary School,Neighborhood,41.799046,-87.758928,https://twain.cps.edu,STRONG
610287,ASHBURN,Ashburn Community Elementary School,Small,41.742351,-87.70961,https://ashburnschool.com,EXCELLING
609956,GRIMES,Robert L Grimes Elementary School,Neighborhood,41.775464,-87.758803,https://grimes.cps.edu/,DEVELOPING
400173,PATHWAYS - BRIGHTON PARK HS,Pathways in Education- Brighton Park,Citywide-Option,41.808226,-87.702645,https://pathwaysineducation.org,EMERGING
609933,GALE,Stephen F Gale Elementary Community Academy,Neighborhood,42.021091,-87.671939,https://gale.cps.edu,STRONG
609674,CHICAGO VOCATIONAL HS,Chicago Vocational Career Academy High School,Career academy,41.737174,-87.573268,https://chicagovocational.org,STRONG
610171,MIRELES,Arnold Mireles Elementary Academy,Neighborhood,41.731717,-87.552788,http://mireleselementary.org,STRONG
610147,ROGERS,Philip Rogers Elementary School,Neighborhood,42.015265,-87.697185,https://philiprogersschool.org,EXCELLING
610159,SCAMMON,Jonathan Y Scammon Elementary School,Neighborhood,41.941678,-87.732179,https://scammon.cps.edu,STRONG
610499,COLLINS HS,Collins Academy High School,Small,41.864149,-87.702042,https://collinsacademy.org,STRONG
609733,SULLIVAN HS,Roger C Sullivan High School,Neighborhood,42.002688,-87.669192,https://sullivanhs.org,EXCELLING
400164,INSTITUTO - JUSTICE HS,Instituto - Justice and Leadership,Charter,41.845957,-87.685903,https://ijla.org,INCOMPLETE DATA
609760,CARVER MILITARY HS,George Washington Carver Military Academy HS,Military academy,41.65629,-87.59062,https://carvermilitary.org,STRONG
609845,CARVER G,George Washington Carver Primary School,Neighborhood,41.653702,-87.599516,https://gwcarver.cps.edu,EMERGING
610167,SEWARD,William H Seward Communication Arts Academy ES,Neighborhood,41.810333,-87.668772,https://seward.cps.edu,STRONG
610067,MCKAY,Francis M McKay Elementary School,Neighborhood,41.768143,-87.691787,https://mckayschool.org,STRONG
610004,CULLEN,Countee Cullen Elementary School,Neighborhood,41.700335,-87.611244,https://counteecullenelementary.org,DEVELOPING
609812,BROWN W,William H Brown Elementary School,Neighborhood,41.882997,-87.670682,https://wbrownstem.org,EXCELLING
609856,CLAY,Henry Clay Elementary School,Neighborhood,41.654558,-87.544614,http://clay.cps.edu,STRONG
610178,SCHMID,Theophilus Schmid Elementary School,Neighborhood,41.716989,-87.596932,https://schmidchargers.org,DEVELOPING
609869,LANGFORD,Anna R. Langford Community Academy,Neighborhood,41.784681,-87.657169,https://langfordacademy.org,EMERGING
610143,REAVIS,William C Reavis Math & Science Specialty ES,Neighborhood,41.804174,-87.604925,http://www.reaviselementaryschool.org/,STRONG
609715,KELLY HS,Thomas Kelly College Preparatory,Neighborhood,41.818729,-87.694639,https://kellyhighschool.org,EXCELLING
609793,NICHOLSON,Lillian R. Nicholson STEM Academy,Neighborhood,41.784942,-87.647453,https://www.nicholsonstemacademy.org,EMERGING
610132,POE,Edgar Allan Poe Elementary Classical School,Classical,41.70263,-87.606419,https://poe.cps.edu,EXCELLING
400024,CICS - BASIL,CICS - Basil,Charter,41.794043,-87.670243,http://www.regenerationschools.org/cics-basil/,DEVELOPING
609945,GOUDY,William C. Goudy Technology Academy,Neighborhood,41.975817,-87.657912,https://goudy.cps.edu,STRONG
609960,HALE,Nathan Hale Elementary School,Neighborhood,41.780192,-87.776579,https://haleschool.org,STRONG
610215,MADERO,Francisco I Madero Middle School,Neighborhood,41.840957,-87.705064,https://madero.cps.edu,EXCELLING
610239,DALEY,Richard J Daley Elementary Academy,Neighborhood,41.802343,-87.672206,https://rjdaley.org,DEVELOPING
610572,SAFE ACHIEVE ES,Safe Achieve Academy Elementary,Citywide-Option,41.753117,-87.550513,https://sesischools.com/locations/safe-achieve-academy-of-chicago,INCOMPLETE DATA
609720,LANE TECH HS,Albert G Lane Technical High School,Selective enrollment,41.946645,-87.691013,https://lanetech.org,STRONG
610350,BLACK,Robert A Black Magnet Elementary School,Magnet,41.729692,-87.576643,https://blackmagnet.org,STRONG
610027,KIPLING,Rudyard Kipling Elementary School,Neighborhood,41.723627,-87.639521,https://www.kiplingchicago.org,STRONG
609766,VAUGHN HS,Jacqueline B Vaughn Occupational High School,Special Education,41.960364,-87.764663,https://vaughnhs.org,EXCELLING
610172,SHERMAN,William T Sherman Elementary School,Neighborhood,41.799766,-87.650221,https://sherman.cps.edu,DEVELOPING
400135,YCCS - LATINO YOUTH,YCCS-Latino Youth Alternative HS,Charter,41.854665,-87.69543,http://www.lyhs.org,EMERGING
400048,LEARN - EXCEL,L.E.A.R.N. - Excel Campus,Charter,41.874687,-87.686568,http://www.learncharter.org,DEVELOPING
609994,HIBBARD,William G Hibbard Elementary School,Neighborhood,41.970335,-87.710362,http://hibbard.cps.edu,EXCELLING
610319,EVERGREEN,Evergreen Academy Middle School,Neighborhood,41.829356,-87.667817,https://evergreenacademyms.com,EXCELLING
609835,CAMERON,Daniel R Cameron Elementary School,Neighborhood,41.903792,-87.717927,https://cameronmsa.org/,EXCELLING
610123,PENN,William Penn Elementary School,Neighborhood,41.858372,-87.722386,https://penn.cps.edu,INCOMPLETE DATA
400084,ACERO - TAMAYO,Acero Charter Schools - Rufino Tamayo,Charter,41.79993,-87.693862,http://rt.aceroschools.org,STRONG
400089,ACERO - MARQUEZ,Acero Charter Schools - Officer Donald J. Marquez,Charter,41.808309,-87.697394,http://dm.aceroschools.org,INCOMPLETE DATA
609809,BRENTANO,Lorenz Brentano Math & Science Academy ES,Neighborhood,41.930966,-87.696294,https://brentanomathandscienceacademy.org,EXCELLING
609867,COOPER,Peter Cooper Elementary Dual Language Academy,Neighborhood,41.856031,-87.667227,http://cooper.cps.edu,EMERGING
609739,WASHINGTON HS,George Washington High School,Neighborhood,41.688137,-87.53757,https://www.gwashingtonhs.org,STRONG
609694,HANCOCK HS,John Hancock College Preparatory High School,Selective enrollment,41.791464,-87.72447,http://www.hancockhs.org,STRONG
609870,CORKERY,Daniel J Corkery Elementary School,Neighborhood,41.845602,-87.731193,https://corkery.cps.edu,DEVELOPING
610563,BACK OF THE YARDS HS,Back of the Yards IB HS,Neighborhood,41.808413,-87.677541,https://boycp.org/,EXCELLING
610570,OMBUDSMAN - SOUTH HS,Ombudsman Chicago - South,Citywide-Option,41.783027,-87.683635,https://chicago.ombudsman.com,STRONG
609764,JUAREZ HS,Benito Juarez Community Academy High School,Neighborhood,41.852667,-87.663732,https://benitojuarez.net,DEVELOPING
610106,PICCOLO,Brian Piccolo Elementary Specialty School,Neighborhood,41.90014,-87.731261,https://piccoloschoolofexcellence.org,EXCELLING
609726,BROOKS HS,Gwendolyn Brooks College Preparatory Academy HS,Selective enrollment,41.692763,-87.616353,https://www.brookscollegeprep.org,STRONG
